cycle,Heterozygosity
100001,0.00370832
100003,0.00363388
100005,0.00343387
100007,0.00329306
100009,0.00323147
100011,0.00303886
100013,0.00316191
100015,0.00313812
100017,0.0031295
100019,0.00304915
100021,0.00312976
100023,0.00313703
100025,0.00310782
100027,0.0030825
100029,0.00297183
100031,0.00294234
100033,0.00288792
100035,0.00285525
100037,0.00279679
100039,0.00277064
100041,0.00283516
100043,0.00278736
100045,0.00284558
100047,0.0029078
100049,0.00288841
