cycle,Heterozygosity
100001,0.00371441
100003,0.0035523
100005,0.00363062
100007,0.00344553
100009,0.00320088
100011,0.00327007
100013,0.00315446
100015,0.00321692
100017,0.00306067
100019,0.00312601
100021,0.00320476
100023,0.00321338
100025,0.0031714
100027,0.0031516
100029,0.00308124
100031,0.00306303
100033,0.00306933
100035,0.00303776
100037,0.00302597
100039,0.00296952
100041,0.00298137
100043,0.00299474
100045,0.00304987
100047,0.00304315
100049,0.00306404
