cycle,Heterozygosity
100001,0.00370369
100003,0.0034127
100005,0.00330182
100007,0.00318148
100009,0.00313194
100011,0.00280099
100013,0.0027779
100015,0.00268894
100017,0.0025643
100019,0.00238813
100021,0.00223372
100023,0.0022842
100025,0.00249116
100027,0.00244519
100029,0.00236723
100031,0.00230757
100033,0.0021938
100035,0.00220028
100037,0.00235134
100039,0.0023336
100041,0.00228152
100043,0.00227129
100045,0.00226479
100047,0.00228434
100049,0.00223785
