cycle,Heterozygosity
100001,0.00375827
100003,0.00369325
100005,0.00333241
100007,0.00308958
100009,0.00310448
100011,0.00308154
100013,0.00300193
100015,0.00300698
100017,0.00306304
100019,0.00307553
100021,0.00301098
100023,0.00300286
100025,0.00302445
100027,0.00306819
100029,0.00318802
100031,0.00323178
100033,0.00320326
100035,0.00326738
100037,0.00321402
100039,0.00321583
100041,0.00322608
100043,0.00321799
100045,0.0031966
100047,0.00319562
100049,0.00320747
