cycle,Heterozygosity
100001,0.00376253
100003,0.00351371
100005,0.00328952
100007,0.00315272
100009,0.00318726
100011,0.0030281
100013,0.00296065
100015,0.00296139
100017,0.00280394
100019,0.00264089
100021,0.00249725
100023,0.00271606
100025,0.00275611
100027,0.0028033
100029,0.00280589
100031,0.00282061
100033,0.00287868
100035,0.00287344
100037,0.00287672
100039,0.00287413
100041,0.00287515
100043,0.00287132
100045,0.00287547
100047,0.00287068
100049,0.0028658
