cycle,Heterozygosity
100001,0.00368292
100003,0.00350913
100005,0.0030384
100007,0.00321854
100009,0.00314807
100011,0.00318236
100013,0.00305938
100015,0.0030813
100017,0.00284479
100019,0.00286217
100021,0.0029467
100023,0.0030016
100025,0.00303988
100027,0.00304167
100029,0.00295016
100031,0.00298196
100033,0.00292264
100035,0.00287634
100037,0.00290456
100039,0.00287625
100041,0.00281808
100043,0.00285419
100045,0.00286115
100047,0.00284095
100049,0.00283532
