cycle,Heterozygosity
100001,0.00377851
100003,0.00350482
100005,0.00303028
100007,0.00251558
100009,0.00176722
100011,0.00176787
100013,0.00174251
100015,0.0017215
100017,0.00150869
100019,0.00170762
100021,0.00153941
100023,0.00153449
100025,0.00155116
100027,0.00150281
100029,0.0016308
100031,0.00158805
100033,0.0015511
100035,0.00154834
100037,0.00161766
100039,0.00158708
100041,0.00154737
100043,0.0015146
100045,0.00151112
100047,0.00148749
100049,0.00149186
