cycle,Heterozygosity
100001,0.00381927
100003,0.00360729
100005,0.00322514
100007,0.00291472
100009,0.00254022
100011,0.0025442
100013,0.00200406
100015,0.00190499
100017,0.00188204
100019,0.00215923
100021,0.00216921
100023,0.00211217
100025,0.00248769
100027,0.00245188
100029,0.00244832
100031,0.00247024
100033,0.00240772
100035,0.00251359
100037,0.00236125
100039,0.00236119
100041,0.00235498
100043,0.00231295
100045,0.00229253
100047,0.00234655
100049,0.00230903
