cycle,Heterozygosity
100001,0.00371583
100003,0.00340979
100005,0.0033517
100007,0.00321387
100009,0.00327239
100011,0.00319438
100013,0.00270736
100015,0.00255039
100017,0.00231231
100019,0.00230664
100021,0.00229203
100023,0.00227811
100025,0.00226786
100027,0.00229445
100029,0.00236938
100031,0.00232035
100033,0.00224161
100035,0.00223421
100037,0.00213986
100039,0.00198318
100041,0.00199791
100043,0.00192578
100045,0.00188318
100047,0.0019205
100049,0.00194897
