cycle,Heterozygosity
100001,0.00380798
100003,0.00358929
100005,0.00325887
100007,0.00349749
100009,0.00342512
100011,0.00341059
100013,0.00341013
100015,0.00335955
100017,0.00325576
100019,0.00316447
100021,0.00316601
100023,0.00314546
100025,0.00297408
100027,0.00285661
100029,0.00274197
100031,0.00277909
100033,0.00276984
100035,0.00278414
100037,0.002898
100039,0.00287111
100041,0.0029357
100043,0.00297213
100045,0.00302012
100047,0.00301908
100049,0.00299903
