cycle,Heterozygosity
100001,0.00378625
100003,0.00364814
100005,0.00336518
100007,0.00333925
100009,0.00341573
100011,0.00320905
100013,0.00287449
100015,0.00268251
100017,0.00276895
100019,0.0028853
100021,0.00293524
100023,0.00298433
100025,0.00297819
100027,0.00305677
100029,0.00296547
100031,0.00299119
100033,0.00293907
100035,0.00292232
100037,0.00295282
100039,0.00291745
100041,0.00296589
100043,0.00295752
100045,0.00295952
100047,0.00293937
100049,0.00293372
