cycle,Heterozygosity
100001,0.00374965
100003,0.00334939
100005,0.00329372
100007,0.0032464
100009,0.00320119
100011,0.0031573
100013,0.00300535
100015,0.00303758
100017,0.0029325
100019,0.00293273
100021,0.00306357
100023,0.0029126
100025,0.00304953
100027,0.00292505
100029,0.00304651
100031,0.00303515
100033,0.00291147
100035,0.00288367
100037,0.00289289
100039,0.00286709
100041,0.00286035
100043,0.00287739
100045,0.00284484
100047,0.00283036
100049,0.00285736
