cycle,Heterozygosity
100001,0.00389893
100003,0.00373368
100005,0.00349217
100007,0.00341192
100009,0.00322857
100011,0.00321892
100013,0.00315969
100015,0.00323576
100017,0.00322916
100019,0.0032597
100021,0.00312251
100023,0.00308702
100025,0.00304745
100027,0.00303668
100029,0.00299146
100031,0.00297577
100033,0.00303511
100035,0.00303127
100037,0.00294801
100039,0.00292552
100041,0.00296898
100043,0.00295684
100045,0.00296877
100047,0.00296964
100049,0.00296095
