cycle,Heterozygosity
100001,0.00378247
100006,0.00235627
100011,0.00269369
100016,0.00248279
100021,0.00234958
100026,0.00238684
100031,0.00219858
100036,0.00203939
100041,0.00188264
100046,0.00189108
100051,0.00193688
100056,0.00188612
100061,0.00187436
100066,0.00188482
100071,0.00180857
100076,0.00186075
100081,0.00191845
100086,0.00191482
100091,0.00189564
100096,0.00191881
