cycle,Heterozygosity
100001,0.00377472
100006,0.00338642
100011,0.00316075
100016,0.00336012
100021,0.00331989
100026,0.00311236
100031,0.00309116
100036,0.0031618
100041,0.00319203
100046,0.00316268
100051,0.00313021
100056,0.00314117
100061,0.00315211
100066,0.00316838
100071,0.00317518
100076,0.00312264
100081,0.00313411
100086,0.00316068
100091,0.0031989
100096,0.00321305
