cycle,Heterozygosity
100001,0.00372458
100006,0.00357292
100011,0.00339027
100016,0.00307142
100021,0.00292243
100026,0.0030508
100031,0.00305805
100036,0.00298833
100041,0.00287394
100046,0.00296807
100051,0.00291555
100056,0.00295251
100061,0.00293844
100066,0.00295317
100071,0.00296251
100076,0.00302738
100081,0.00306405
100086,0.00299641
100091,0.00296605
100096,0.0030347
