cycle,Heterozygosity
100001,0.0038109
100006,0.00323564
100011,0.00313054
100016,0.00319704
100021,0.0030678
100026,0.00296476
100031,0.00297693
100036,0.00295809
100041,0.0029117
100046,0.00291561
100051,0.00289769
100056,0.00292864
100061,0.00286555
100066,0.00281697
100071,0.00278856
100076,0.00284164
100081,0.00275432
100086,0.00277503
100091,0.00265775
100096,0.00270074
