cycle,Heterozygosity
100001,0.00381145
100006,0.00287043
100011,0.00257036
100016,0.00232342
100021,0.00208358
100026,0.00186599
100031,0.00196294
100036,0.00212439
100041,0.00229698
100046,0.0023451
100051,0.00243274
100056,0.00233268
100061,0.00246381
100066,0.00248818
100071,0.00231204
100076,0.00217744
100081,0.00228429
100086,0.00231122
100091,0.00229626
100096,0.00237019
