cycle,Heterozygosity
100001,0.00376896
100006,0.00348268
100011,0.00275496
100016,0.00233973
100021,0.00245505
100026,0.002344
100031,0.00226938
100036,0.00229646
100041,0.00219393
100046,0.0019917
100051,0.00213077
100056,0.0021581
100061,0.00218179
100066,0.00219977
100071,0.00213599
100076,0.00217733
100081,0.00215438
100086,0.0021541
100091,0.00213
100096,0.00209467
