cycle,Heterozygosity
100001,0.00359931
100006,0.00337077
100011,0.003459
100016,0.00309073
100021,0.00301843
100026,0.00275914
100031,0.00283156
100036,0.00249928
100041,0.00252888
100046,0.00241547
100051,0.00253734
100056,0.00252055
100061,0.00246099
100066,0.00245355
100071,0.00238926
100076,0.00243276
100081,0.00253402
100086,0.00248735
100091,0.00244772
100096,0.002484
