cycle,Heterozygosity
100001,0.00383837
100006,0.0034999
100011,0.00292282
100016,0.00284687
100021,0.00291203
100026,0.002928
100031,0.00305322
100036,0.00303395
100041,0.00302337
100046,0.00304629
100051,0.00304722
100056,0.00303488
100061,0.0030578
100066,0.00306078
100071,0.00309595
100076,0.00309606
100081,0.00307098
100086,0.00305067
100091,0.00306613
100096,0.00306645
