cycle,Heterozygosity
100001,0.00366941
100006,0.00322503
100011,0.00329735
100016,0.00293311
100021,0.00284874
100026,0.00287428
100031,0.00285849
100036,0.00292087
100041,0.00291789
100046,0.00296749
100051,0.00294307
100056,0.00293629
100061,0.00291614
100066,0.0029353
100071,0.00292313
100076,0.00286958
100081,0.00290332
100086,0.00286268
100091,0.00290219
100096,0.00288104
