cycle,Heterozygosity
100001,0.00384135
100006,0.00350133
100011,0.00307877
100016,0.00299797
100021,0.00287617
100026,0.00297897
100031,0.00305831
100036,0.00299632
100041,0.00297251
100046,0.00299857
100051,0.00296338
100056,0.00293096
100061,0.00292407
100066,0.00289432
100071,0.00296799
100076,0.00296107
100081,0.00291438
100086,0.00293862
100091,0.00293822
100096,0.00297009
