cycle,Heterozygosity
100001,0.0037496
100006,0.00324936
100011,0.00321834
100016,0.00308168
100021,0.0029208
100026,0.00285387
100031,0.00286752
100036,0.00283379
100041,0.0029042
100046,0.00289505
100051,0.00291867
100056,0.00295007
100061,0.00298966
100066,0.00299548
100071,0.00299933
100076,0.00300269
100081,0.00299196
100086,0.00298534
100091,0.00303722
100096,0.00298279
