cycle,Heterozygosity
100001,0.00358855
100006,0.00291341
100011,0.00263763
100016,0.00244259
100021,0.00272253
100026,0.00245148
100031,0.00236741
100036,0.00232924
100041,0.002637
100046,0.00283112
100051,0.00265666
100056,0.00263174
100061,0.00280287
100066,0.00283285
100071,0.00285962
100076,0.00294351
100081,0.00298334
100086,0.00283357
100091,0.00278041
100096,0.00276289
