cycle,Heterozygosity
100001,0.00382841
100006,0.0032075
100011,0.00318589
100016,0.00316531
100021,0.00284436
100026,0.00273994
100031,0.00295886
100036,0.00283983
100041,0.00287927
100046,0.0028588
100051,0.00283538
100056,0.00282141
100061,0.00280865
100066,0.00280232
100071,0.00282039
100076,0.00289076
100081,0.00285559
100086,0.00289505
100091,0.00288509
100096,0.00284701
