cycle,Heterozygosity
100001,0.00387031
100006,0.00382115
100011,0.00336683
100016,0.0032255
100021,0.00301943
100026,0.0030067
100031,0.00304453
100036,0.00303683
100041,0.00290371
100046,0.00293073
100051,0.00292894
100056,0.00289895
100061,0.0028498
100066,0.00285377
100071,0.00282744
100076,0.00284914
100081,0.00285891
100086,0.00280499
100091,0.00282659
100096,0.00280955
