cycle,Heterozygosity
100001,0.00366803
100006,0.00326459
100011,0.00297063
100016,0.00292873
100021,0.00251841
100026,0.00262565
100031,0.00274674
100036,0.0027254
100041,0.00273401
100046,0.00279237
100051,0.00285485
100056,0.00283399
100061,0.00287577
100066,0.00278405
100071,0.00282834
100076,0.00291247
100081,0.00293037
100086,0.0029458
100091,0.00300329
100096,0.00304624
